Fecha;Tension AC;Corriente AC;Potencia activa;Potencia aparente;Potencia reactiva;Frecuencia;Factor de potencia;Energia total;Energia diaria;Tension DC;Corriente DC;Potencia DC;Irradiancia;Temp modulo;Temp ambiente
14/04/2015 16:16:15;223,900000;2,957000;655,100000;661,200000;76,400000;59,900000;0,993000;7,500000;0,002730;305,400000;2,170000;662,718000;159,000000;26,400000;22,800000
14/04/2015 16:16:30;223,900000;2,957000;655,100000;661,200000;76,400000;60,000000;0,993000;7,500000;0,005459;304,700000;2,160000;658,152000;159,000000;26,500000;22,800000
14/04/2015 16:16:45;223,500000;2,942000;654,600000;659,900000;84,900000;60,000000;0,991000;7,500000;0,008187;305,800000;2,160000;660,528000;158,000000;26,600000;22,800000
14/04/2015 16:17:00;223,800000;3,027000;672,600000;681,300000;77,100000;60,000000;0,993000;7,500000;0,010989;315,000000;2,160000;680,400000;158,000000;26,700000;22,800000
14/04/2015 16:17:15;223,800000;3,004000;666,200000;671,900000;77,100000;60,000000;0,993000;7,500000;0,013765;313,900000;2,150000;674,885000;156,000000;26,800000;22,800000
14/04/2015 16:17:30;223,600000;3,004000;666,200000;671,900000;88,700000;60,000000;0,990000;7,500000;0,016541;313,100000;2,140000;670,034000;156,000000;26,900000;22,800000
14/04/2015 16:17:45;222,800000;2,990000;661,700000;665,000000;84,500000;59,900000;0,993000;7,500000;0,019298;313,000000;2,120000;663,560000;154,000000;27,000000;23,000000
14/04/2015 16:18:00;222,800000;2,954000;651,900000;656,300000;73,800000;60,000000;0,991000;7,500000;0,022014;312,500000;2,100000;656,250000;151,000000;27,100000;23,000000
14/04/2015 16:18:15;222,800000;2,923000;645,700000;652,500000;73,800000;60,000000;0,991000;7,500000;0,024705;311,900000;2,090000;651,871000;150,000000;27,100000;23,000000
14/04/2015 16:18:30;222,900000;2,923000;645,700000;652,500000;77,200000;60,100000;0,991000;7,500000;0,027395;311,900000;2,100000;654,990000;150,000000;27,100000;23,000000
14/04/2015 16:18:45;223,200000;2,904000;643,200000;646,500000;73,800000;60,000000;0,993000;7,500000;0,030075;311,400000;2,100000;653,940000;149,000000;27,200000;23,000000
14/04/2015 16:19:00;223,200000;2,889000;639,100000;645,800000;73,800000;60,000000;0,993000;7,500000;0,032738;311,300000;2,080000;647,504000;148,000000;27,100000;22,900000
14/04/2015 16:19:15;222,600000;2,889000;639,100000;645,800000;84,000000;60,000000;0,991000;7,500000;0,035401;310,600000;2,070000;642,942000;146,000000;27,100000;22,900000
14/04/2015 16:19:30;223,500000;2,860000;633,500000;637,600000;77,100000;60,100000;0,991000;7,500000;0,038040;310,700000;2,050000;636,935000;143,000000;27,000000;22,900000
14/04/2015 16:19:45;222,600000;2,793000;617,300000;628,900000;73,300000;60,100000;0,991000;7,500000;0,040613;309,900000;2,030000;629,097000;141,000000;26,900000;22,800000
14/04/2015 16:20:00;222,600000;2,793000;617,300000;628,900000;73,300000;60,100000;0,991000;7,500000;0,043185;309,200000;1,900000;587,480000;138,000000;26,900000;22,900000
14/04/2015 16:20:15;222,800000;2,638000;582,300000;595,300000;78,800000;60,100000;0,989000;7,500000;0,045611;298,200000;1,960000;584,472000;135,000000;26,900000;22,700000
14/04/2015 16:20:30;223,700000;2,521000;558,100000;556,800000;79,000000;60,100000;0,989000;7,500000;0,047936;297,100000;1,860000;552,606000;126,000000;26,900000;22,600000
14/04/2015 16:20:45;223,700000;1,809000;396,100000;556,800000;79,000000;60,100000;0,986000;7,500000;0,049587;294,000000;1,470000;432,180000;99,000000;26,800000;22,600000
14/04/2015 16:21:00;223,500000;1,809000;396,100000;386,400000;80,400000;60,100000;0,973000;7,500000;0,051237;295,400000;0,970000;286,538000;66,000000;26,700000;22,500000
14/04/2015 16:21:15;223,300000;1,268000;272,400000;275,200000;80,000000;60,100000;0,956000;7,500000;0,052372;305,100000;0,850000;259,335000;56,000000;26,700000;22,400000
14/04/2015 16:21:30;221,600000;1,193000;250,200000;254,000000;80,800000;60,100000;0,956000;7,500000;0,053415;319,800000;0,790000;252,642000;51,000000;26,500000;22,100000
14/04/2015 16:21:45;221,600000;1,157000;240,300000;254,000000;80,800000;60,000000;0,941000;7,500000;0,054416;326,900000;0,750000;245,175000;49,000000;26,400000;22,000000
14/04/2015 16:23:15;222,500000;1,119000;232,500000;251,000000;83,700000;59,900000;0,944000;7,500000;0,000969;360,900000;0,650000;234,585000;44,000000;25,400000;22,100000
14/04/2015 16:23:30;222,100000;1,123000;238,200000;248,300000;74,900000;60,000000;0,946000;7,500000;0,001961;360,300000;0,640000;230,592000;43,000000;25,300000;22,100000
14/04/2015 16:23:45;223,100000;1,098000;227,800000;246,800000;76,200000;60,000000;0,935000;7,500000;0,002910;360,300000;0,650000;234,195000;43,000000;25,200000;22,200000
14/04/2015 16:24:00;223,100000;1,120000;237,600000;244,600000;76,200000;60,000000;0,935000;7,500000;0,003900;360,900000;0,650000;234,585000;43,000000;25,100000;22,200000
14/04/2015 16:24:15;222,400000;1,120000;237,600000;244,600000;75,500000;60,000000;0,940000;7,500000;0,004890;359,600000;0,640000;230,144000;42,000000;25,000000;22,100000
14/04/2015 16:24:30;222,800000;1,074000;221,900000;242,500000;74,200000;60,000000;0,948000;7,500000;0,005815;359,400000;0,620000;222,828000;42,000000;24,900000;22,100000
14/04/2015 16:24:45;222,600000;1,043000;217,600000;238,000000;91,500000;60,000000;0,948000;7,500000;0,006722;358,900000;0,610000;218,929000;42,000000;24,700000;22,000000
14/04/2015 16:25:00;222,600000;1,043000;217,600000;238,000000;91,500000;60,000000;0,921000;7,500000;0,007628;359,300000;0,600000;215,580000;41,000000;24,500000;21,900000
14/04/2015 16:25:15;223,800000;1,025000;210,200000;229,600000;78,900000;60,100000;0,919000;7,500000;0,008504;358,600000;0,590000;211,574000;40,000000;24,400000;21,900000
14/04/2015 16:25:30;223,500000;1,031000;216,600000;230,100000;83,500000;60,000000;0,941000;7,500000;0,009407;358,700000;0,590000;211,633000;40,000000;24,300000;22,000000
14/04/2015 16:25:45;222,200000;1,011000;211,200000;232,400000;91,900000;60,000000;0,918000;7,500000;0,010287;358,200000;0,590000;211,338000;40,000000;24,200000;22,100000
14/04/2015 16:26:00;222,100000;1,032000;213,700000;234,900000;76,600000;60,000000;0,929000;7,500000;0,011177;358,300000;0,600000;214,980000;40,000000;24,100000;22,000000
14/04/2015 16:26:15;223,400000;1,045000;215,700000;235,000000;76,800000;60,100000;0,939000;7,500000;0,012076;357,500000;0,610000;218,075000;42,000000;24,000000;21,900000
14/04/2015 16:26:30;222,900000;1,055000;222,100000;248,900000;78,300000;60,100000;0,939000;7,500000;0,013001;369,400000;0,600000;221,640000;44,000000;23,900000;21,800000
14/04/2015 16:26:45;223,300000;1,092000;231,100000;240,900000;77,800000;60,100000;0,927000;7,600000;0,013964;378,800000;0,590000;223,492000;46,000000;23,800000;21,700000
14/04/2015 16:27:00;223,600000;1,067000;219,600000;235,800000;83,400000;60,100000;0,945000;7,600000;0,014879;377,300000;0,580000;218,834000;46,000000;23,700000;21,800000
14/04/2015 16:27:15;222,300000;1,075000;224,600000;241,200000;79,300000;60,100000;0,945000;7,600000;0,015815;377,700000;0,580000;219,066000;47,000000;23,600000;21,700000
14/04/2015 16:27:30;222,300000;1,075000;224,600000;241,200000;79,300000;60,000000;0,922000;7,600000;0,016751;379,900000;0,570000;216,543000;47,000000;23,600000;21,700000
14/04/2015 16:27:45;223,600000;1,054000;222,300000;235,500000;76,300000;60,000000;0,925000;7,600000;0,017677;383,300000;0,560000;214,648000;47,000000;23,400000;21,600000
14/04/2015 16:28:00;223,000000;1,032000;213,300000;231,700000;75,800000;60,000000;0,943000;7,600000;0,018566;383,700000;0,550000;211,035000;47,000000;23,400000;21,600000
14/04/2015 16:28:15;222,700000;1,037000;217,800000;229,300000;77,700000;60,000000;0,947000;7,600000;0,019473;382,400000;0,550000;210,320000;47,000000;23,300000;21,600000
14/04/2015 16:28:30;223,200000;1,020000;210,300000;229,200000;89,100000;60,000000;0,947000;7,600000;0,020350;385,500000;0,540000;208,170000;47,000000;23,200000;21,600000
14/04/2015 16:28:45;223,200000;1,020000;210,300000;229,200000;89,100000;60,000000;0,910000;7,600000;0,021226;386,800000;0,540000;208,872000;48,000000;23,100000;21,600000
14/04/2015 16:29:00;222,700000;1,028000;216,700000;217,900000;80,500000;60,000000;0,942000;7,600000;0,022129;388,800000;0,530000;206,064000;51,000000;23,100000;21,500000
14/04/2015 16:29:15;223,000000;1,041000;218,900000;226,600000;89,700000;60,000000;0,946000;7,600000;0,023041;395,300000;0,540000;213,462000;56,000000;23,000000;21,500000
14/04/2015 16:29:30;223,300000;1,033000;211,800000;226,700000;74,700000;60,000000;0,946000;7,600000;0,023923;396,100000;0,530000;209,933000;59,000000;23,000000;21,600000
14/04/2015 16:29:45;222,800000;0,995000;203,200000;229,100000;75,700000;60,000000;0,945000;7,600000;0,024770;400,900000;0,530000;212,477000;63,000000;23,000000;21,800000
14/04/2015 16:30:00;222,800000;0,995000;203,200000;229,100000;75,700000;60,100000;0,945000;7,600000;0,025617;402,200000;0,530000;213,166000;66,000000;22,900000;21,800000
14/04/2015 16:30:15;222,700000;1,038000;213,800000;229,000000;79,100000;60,000000;0,947000;7,600000;0,026507;402,100000;0,530000;213,113000;68,000000;23,000000;21,800000
14/04/2015 16:30:30;223,400000;1,065000;225,000000;243,000000;74,100000;60,000000;0,926000;7,600000;0,027445;405,000000;0,540000;218,700000;70,000000;23,000000;21,700000
14/04/2015 16:30:45;223,400000;1,060000;218,500000;243,000000;74,100000;60,000000;0,926000;7,600000;0,028355;405,600000;0,540000;219,024000;71,000000;23,000000;21,800000
14/04/2015 16:31:00;223,400000;1,060000;218,500000;241,300000;77,000000;60,000000;0,949000;7,600000;0,029266;405,000000;0,540000;218,700000;71,000000;23,000000;21,800000
14/04/2015 16:31:15;223,900000;1,069000;224,500000;236,500000;85,600000;60,100000;0,949000;7,600000;0,030201;406,500000;0,540000;219,510000;73,000000;23,000000;21,700000
14/04/2015 16:31:30;223,300000;1,051000;222,200000;242,600000;74,900000;60,100000;0,949000;7,600000;0,031127;407,100000;0,540000;219,834000;74,000000;23,000000;21,600000
14/04/2015 16:31:45;223,300000;1,051000;222,200000;242,600000;74,900000;60,000000;0,936000;7,600000;0,032053;408,000000;0,540000;220,320000;77,000000;23,000000;21,700000
14/04/2015 16:32:00;222,700000;1,055000;221,300000;234,900000;75,000000;60,000000;0,949000;7,600000;0,032975;408,600000;0,550000;224,730000;78,000000;23,000000;21,800000
14/04/2015 16:32:15;221,800000;1,110000;234,800000;246,800000;84,500000;60,000000;0,949000;7,600000;0,033953;408,000000;0,540000;220,320000;78,000000;23,100000;21,900000
14/04/2015 16:32:30;221,800000;1,311000;280,500000;246,800000;84,500000;60,000000;0,962000;7,600000;0,035122;256,800000;1,100000;282,480000;78,000000;23,100000;21,900000
14/04/2015 16:32:45;222,300000;1,311000;280,500000;292,400000;84,900000;60,100000;0,962000;7,600000;0,036291;256,700000;1,060000;272,102000;75,000000;23,100000;21,900000
14/04/2015 16:33:00;222,400000;1,236000;263,000000;275,200000;88,500000;60,000000;0,947000;7,600000;0,037387;255,500000;1,020000;260,610000;72,000000;23,000000;21,800000
14/04/2015 16:33:15;222,400000;1,210000;258,900000;269,600000;88,500000;60,000000;0,947000;7,600000;0,038465;255,600000;1,000000;255,600000;70,000000;22,900000;21,600000
14/04/2015 16:33:30;222,900000;1,210000;258,900000;269,600000;78,500000;60,000000;0,958000;7,600000;0,039544;254,900000;0,960000;244,704000;66,000000;22,900000;21,600000
14/04/2015 16:33:45;222,500000;1,119000;237,200000;239,700000;74,200000;60,100000;0,949000;7,600000;0,040533;253,700000;0,880000;223,256000;60,000000;22,800000;21,500000
14/04/2015 16:34:00;221,900000;0,996000;208,000000;219,300000;85,100000;60,100000;0,949000;7,600000;0,041399;254,500000;0,810000;206,145000;54,000000;22,800000;21,500000
14/04/2015 16:34:15;221,900000;0,884000;178,500000;219,300000;85,100000;60,000000;0,930000;7,600000;0,042143;255,000000;0,730000;186,150000;48,000000;22,800000;21,600000
14/04/2015 16:34:30;222,600000;0,884000;178,500000;194,000000;83,800000;60,000000;0,911000;7,600000;0,042887;261,800000;0,650000;170,170000;44,000000;22,800000;21,700000
14/04/2015 16:34:45;222,800000;0,807000;156,200000;170,600000;80,000000;60,100000;0,907000;7,600000;0,043538;265,900000;0,600000;159,540000;40,000000;22,700000;21,600000
14/04/2015 16:35:00;222,400000;0,761000;153,600000;166,400000;77,100000;60,100000;0,907000;7,600000;0,044178;277,700000;0,540000;149,958000;35,000000;22,600000;21,400000
14/04/2015 16:35:15;222,400000;0,761000;153,600000;166,400000;77,100000;60,000000;0,890000;7,600000;0,044818;286,100000;0,510000;145,911000;33,000000;22,500000;21,400000
14/04/2015 16:35:30;222,300000;0,735000;142,600000;166,600000;80,400000;60,000000;0,868000;7,600000;0,045412;296,700000;0,490000;145,383000;33,000000;22,400000;21,400000
14/04/2015 16:35:45;223,300000;0,711000;141,800000;160,200000;70,600000;60,100000;0,885000;7,600000;0,046003;306,300000;0,490000;150,087000;32,000000;22,400000;21,400000
14/04/2015 16:36:00;222,600000;0,794000;155,200000;167,600000;83,400000;60,000000;0,913000;7,600000;0,046649;316,100000;0,480000;151,728000;31,000000;22,300000;21,400000
14/04/2015 16:38:15;222,800000;0,705000;134,500000;165,100000;81,000000;60,100000;0,852000;7,600000;0,000560;366,300000;0,370000;135,531000;27,000000;21,600000;21,200000
14/04/2015 16:38:30;222,300000;0,705000;134,500000;161,100000;74,900000;60,100000;0,860000;7,600000;0,001121;366,300000;0,360000;131,868000;26,000000;21,500000;21,100000
14/04/2015 16:38:45;222,600000;0,720000;135,200000;159,300000;74,800000;60,100000;0,860000;7,600000;0,001684;365,000000;0,360000;131,400000;26,000000;21,500000;21,000000
14/04/2015 16:39:00;222,600000;0,720000;135,200000;159,300000;74,800000;60,100000;0,860000;7,600000;0,002248;365,800000;0,360000;131,688000;26,000000;21,400000;21,000000
14/04/2015 16:39:15;222,600000;0,720000;135,200000;159,300000;74,800000;60,100000;0,860000;7,600000;0,002811;365,800000;0,360000;131,688000;26,000000;21,400000;21,000000
14/04/2015 16:39:30;222,600000;0,720000;135,200000;159,300000;74,800000;60,100000;0,860000;7,600000;0,003374;365,800000;0,360000;131,688000;26,000000;21,400000;21,000000
14/04/2015 16:39:45;222,600000;0,720000;135,200000;159,300000;74,800000;60,100000;0,860000;7,600000;0,003938;365,800000;0,360000;131,688000;26,000000;21,400000;21,000000
14/04/2015 16:40:00;222,600000;0,720000;135,200000;159,300000;74,800000;60,100000;0,860000;7,600000;0,004501;365,800000;0,360000;131,688000;26,000000;21,400000;21,000000
14/04/2015 16:40:15;222,600000;0,720000;135,200000;159,300000;74,800000;60,100000;0,860000;7,600000;0,005064;365,800000;0,360000;131,688000;26,000000;21,400000;21,000000
14/04/2015 16:40:30;222,600000;0,720000;135,200000;159,300000;74,800000;60,100000;0,860000;7,600000;0,005627;365,800000;0,360000;131,688000;26,000000;21,400000;21,000000
14/04/2015 16:40:45;222,600000;0,720000;135,200000;159,300000;74,800000;60,100000;0,860000;7,600000;0,006191;365,800000;0,360000;131,688000;26,000000;21,400000;21,000000
14/04/2015 16:41:00;222,600000;0,720000;135,200000;159,300000;74,800000;60,100000;0,860000;7,600000;0,006754;365,800000;0,360000;131,688000;26,000000;21,400000;21,000000
14/04/2015 16:41:15;222,600000;0,720000;135,200000;159,300000;74,800000;60,100000;0,860000;7,600000;0,007317;365,800000;0,360000;131,688000;26,000000;21,400000;21,000000
14/04/2015 16:41:30;222,600000;0,720000;135,200000;159,300000;74,800000;60,100000;0,860000;7,600000;0,007881;365,800000;0,360000;131,688000;26,000000;21,400000;21,000000
14/04/2015 16:41:45;222,600000;0,720000;135,200000;159,300000;74,800000;60,100000;0,860000;7,600000;0,008444;365,800000;0,360000;131,688000;26,000000;21,400000;21,000000
14/04/2015 16:42:00;222,600000;0,720000;135,200000;159,300000;74,800000;60,100000;0,860000;7,600000;0,009008;365,800000;0,360000;131,688000;26,000000;21,400000;21,000000
14/04/2015 16:42:15;222,600000;0,720000;135,200000;159,300000;74,800000;60,100000;0,860000;7,600000;0,009571;365,800000;0,360000;131,688000;26,000000;21,400000;21,000000
14/04/2015 16:42:30;222,600000;0,720000;135,200000;159,300000;74,800000;60,100000;0,860000;7,600000;0,010134;365,800000;0,360000;131,688000;26,000000;21,400000;21,000000
14/04/2015 16:42:45;222,600000;0,720000;135,200000;159,300000;74,800000;60,100000;0,860000;7,600000;0,010698;365,800000;0,360000;131,688000;26,000000;21,400000;21,000000
14/04/2015 16:43:00;222,600000;0,720000;135,200000;159,300000;74,800000;60,100000;0,860000;7,600000;0,011261;365,800000;0,360000;131,688000;26,000000;21,400000;21,000000
14/04/2015 16:43:15;222,600000;0,720000;135,200000;159,300000;74,800000;60,100000;0,860000;7,600000;0,011824;365,800000;0,360000;131,688000;26,000000;21,400000;21,000000
14/04/2015 16:43:30;222,600000;0,720000;135,200000;159,300000;74,800000;60,100000;0,860000;7,600000;0,012388;365,800000;0,360000;131,688000;26,000000;21,400000;21,000000
14/04/2015 16:43:45;222,600000;0,720000;135,200000;159,300000;74,800000;60,100000;0,860000;7,600000;0,012951;365,800000;0,360000;131,688000;26,000000;21,400000;21,000000
14/04/2015 16:44:00;222,600000;0,720000;135,200000;159,300000;74,800000;60,100000;0,860000;7,600000;0,013514;365,800000;0,360000;131,688000;26,000000;21,400000;21,000000
14/04/2015 16:56:15;221,100000;0,778000;155,800000;174,600000;72,500000;60,000000;0,875000;7,600000;0,000649;370,200000;0,400000;148,080000;64,000000;19,400000;20,400000
14/04/2015 16:56:30;221,100000;0,784000;156,600000;172,400000;72,500000;60,000000;0,875000;7,600000;0,001302;375,500000;0,390000;146,445000;63,000000;19,500000;20,500000
14/04/2015 16:56:45;220,400000;0,763000;147,600000;163,900000;74,200000;60,000000;0,891000;7,600000;0,001917;374,900000;0,380000;142,462000;57,000000;19,500000;20,600000
14/04/2015 16:57:00;220,800000;0,742000;143,300000;158,900000;74,600000;60,000000;0,886000;7,600000;0,002514;374,300000;0,350000;131,005000;54,000000;19,500000;20,600000
14/04/2015 16:57:15;220,100000;0,702000;134,800000;160,300000;78,100000;60,000000;0,889000;7,600000;0,003075;367,100000;0,360000;132,156000;52,000000;19,500000;20,600000
14/04/2015 16:57:30;220,100000;0,661000;126,600000;160,300000;78,100000;60,000000;0,889000;7,600000;0,003603;368,200000;0,340000;125,188000;50,000000;19,500000;20,600000
14/04/2015 16:57:45;220,900000;0,661000;126,600000;154,700000;74,100000;60,000000;0,845000;7,600000;0,004130;367,600000;0,330000;121,308000;50,000000;19,500000;20,600000
14/04/2015 16:58:00;220,500000;0,649000;117,800000;147,100000;74,300000;60,000000;0,846000;7,600000;0,004621;367,100000;0,330000;121,143000;50,000000;19,500000;20,600000
14/04/2015 16:58:15;220,500000;0,665000;127,700000;145,800000;74,300000;60,000000;0,846000;7,600000;0,005153;366,500000;0,330000;120,945000;50,000000;19,500000;20,500000
14/04/2015 16:58:30;219,400000;0,665000;127,700000;145,800000;79,500000;60,000000;0,847000;7,600000;0,005685;366,600000;0,330000;120,978000;50,000000;19,400000;20,400000
14/04/2015 16:58:45;220,200000;0,668000;124,900000;142,400000;75,800000;60,000000;0,865000;7,600000;0,006206;366,000000;0,330000;120,780000;50,000000;19,400000;20,400000
14/04/2015 16:59:00;220,600000;0,671000;127,300000;148,000000;79,600000;60,000000;0,865000;7,600000;0,006736;366,100000;0,330000;120,813000;50,000000;19,400000;20,300000
14/04/2015 16:59:15;220,600000;0,671000;127,300000;148,000000;79,600000;60,000000;0,843000;7,600000;0,007267;365,500000;0,330000;120,615000;50,000000;19,400000;20,300000
14/04/2015 16:59:30;220,400000;0,661000;126,000000;147,900000;74,500000;60,000000;0,856000;7,600000;0,007792;365,500000;0,330000;120,615000;48,000000;19,400000;20,300000
14/04/2015 16:59:45;220,400000;0,652000;123,300000;147,000000;74,500000;60,000000;0,856000;7,600000;0,008305;365,100000;0,330000;120,483000;41,000000;19,400000;20,400000
14/04/2015 17:00:00;220,400000;0,652000;123,300000;147,000000;74,500000;60,000000;0,856000;7,600000;0,008819;365,100000;0,330000;120,483000;41,000000;19,400000;20,400000
14/04/2015 17:00:15;220,400000;0,652000;123,300000;147,000000;74,500000;60,000000;0,856000;7,600000;0,009333;365,100000;0,330000;120,483000;41,000000;19,400000;20,400000
14/04/2015 17:00:30;220,400000;0,175000;4,400000;38,500000;-38,100000;60,000000;-0,104000;7,600000;0,009351;365,100000;0,330000;120,483000;41,000000;19,400000;20,400000
14/04/2015 17:00:45;219,900000;0,174000;4,800000;38,200000;-37,800000;60,000000;-0,125000;7,600000;0,009371;365,100000;0,330000;120,483000;41,000000;19,400000;20,400000
14/04/2015 17:01:00;220,600000;0,200000;6,900000;44,100000;-43,500000;60,000000;-0,224000;7,600000;0,009400;407,900000;0,000000;0,000000;52,000000;18,300000;19,400000
14/04/2015 17:01:15;219,900000;0,203000;7,800000;46,500000;-71,300000;60,000000;0,794000;7,600000;0,009432;322,300000;0,330000;106,359000;46,000000;19,300000;20,400000
14/04/2015 17:01:30;220,200000;0,613000;115,900000;136,200000;70,300000;60,000000;0,859000;7,600000;0,009915;331,700000;0,320000;106,144000;46,000000;19,300000;20,500000
14/04/2015 17:01:45;220,200000;0,645000;116,700000;143,600000;70,300000;60,000000;0,859000;7,600000;0,010402;314,400000;0,320000;100,608000;46,000000;19,300000;20,400000
14/04/2015 17:02:00;220,700000;0,645000;116,700000;143,600000;79,600000;60,000000;0,854000;7,600000;0,010888;364,800000;0,310000;113,088000;46,000000;19,300000;20,400000
14/04/2015 17:02:15;220,700000;0,639000;118,500000;140,700000;76,000000;60,000000;0,850000;7,600000;0,011382;365,200000;0,310000;113,212000;46,000000;19,300000;20,400000
14/04/2015 17:02:30;220,500000;0,641000;121,500000;141,600000;72,700000;60,000000;0,838000;7,600000;0,011888;365,100000;0,310000;113,181000;46,000000;19,300000;20,400000
14/04/2015 17:02:45;220,700000;0,636000;119,200000;140,300000;73,900000;60,000000;0,828000;7,600000;0,012385;364,800000;0,300000;109,440000;46,000000;19,300000;20,400000
14/04/2015 17:03:00;221,100000;0,624000;111,700000;139,000000;74,200000;60,000000;0,845000;7,600000;0,012850;364,800000;0,300000;109,440000;46,000000;19,300000;20,400000
14/04/2015 17:03:15;219,900000;0,630000;116,300000;140,100000;71,900000;60,100000;0,854000;7,600000;0,013335;365,200000;0,300000;109,560000;46,000000;19,300000;20,400000
14/04/2015 17:03:30;221,100000;0,632000;118,600000;139,000000;73,700000;60,000000;0,849000;7,600000;0,013829;365,200000;0,300000;109,560000;45,000000;19,300000;20,400000
14/04/2015 17:03:45;221,100000;0,627000;112,600000;139,000000;73,700000;60,000000;0,849000;7,600000;0,014298;364,800000;0,310000;113,088000;45,000000;19,300000;20,400000
14/04/2015 17:04:00;220,500000;0,627000;112,600000;139,000000;76,500000;60,000000;0,847000;7,600000;0,014767;364,800000;0,310000;113,088000;45,000000;19,200000;20,400000
14/04/2015 17:04:15;220,100000;0,643000;117,400000;141,800000;76,400000;60,100000;0,856000;7,600000;0,015256;364,300000;0,310000;112,933000;46,000000;19,200000;20,400000
14/04/2015 17:04:30;220,800000;0,648000;123,800000;146,100000;78,700000;60,000000;0,856000;7,600000;0,015772;364,400000;0,330000;120,252000;46,000000;19,200000;20,400000
14/04/2015 17:04:45;220,800000;0,651000;124,200000;150,700000;78,700000;60,000000;0,856000;7,600000;0,016290;362,500000;0,330000;119,625000;50,000000;19,200000;20,400000
14/04/2015 17:05:00;220,100000;0,651000;124,200000;150,700000;74,600000;60,000000;0,836000;7,600000;0,016807;371,600000;0,330000;122,628000;52,000000;19,200000;20,400000
14/04/2015 17:05:15;220,900000;0,703000;134,600000;155,600000;70,400000;60,000000;0,854000;7,600000;0,017368;376,200000;0,330000;124,146000;55,000000;19,200000;20,400000
14/04/2015 17:05:30;220,000000;0,718000;137,500000;146,100000;77,300000;60,000000;0,854000;7,600000;0,017941;377,100000;0,330000;124,443000;57,000000;19,200000;20,400000
14/04/2015 17:05:45;220,000000;0,718000;137,500000;146,100000;77,300000;60,000000;0,876000;7,600000;0,018514;379,800000;0,330000;125,334000;59,000000;19,100000;20,400000
14/04/2015 17:06:00;220,900000;0,676000;131,000000;158,600000;77,200000;60,100000;0,876000;7,600000;0,019060;382,000000;0,330000;126,060000;61,000000;19,100000;20,400000
14/04/2015 17:06:15;220,600000;0,706000;137,600000;153,100000;73,300000;60,000000;0,854000;7,600000;0,019633;383,400000;0,330000;126,522000;61,000000;19,200000;20,500000
14/04/2015 17:06:30;220,300000;0,696000;134,900000;152,700000;75,700000;60,000000;0,854000;7,600000;0,020195;382,900000;0,330000;126,357000;61,000000;19,200000;20,500000
14/04/2015 17:06:45;220,300000;0,702000;134,900000;152,700000;75,700000;60,100000;0,874000;7,600000;0,020757;383,400000;0,330000;126,522000;61,000000;19,200000;20,500000
14/04/2015 17:07:00;220,300000;0,702000;134,900000;154,200000;82,100000;60,000000;0,873000;7,600000;0,021319;382,000000;0,330000;126,060000;61,000000;19,200000;20,500000
14/04/2015 17:07:15;220,100000;0,690000;127,500000;151,100000;74,700000;60,000000;0,872000;7,600000;0,021850;382,800000;0,320000;122,496000;61,000000;19,200000;20,600000
14/04/2015 17:07:30;220,100000;0,671000;126,800000;159,500000;74,700000;60,000000;0,872000;7,600000;0,022379;384,300000;0,320000;122,976000;61,000000;19,200000;20,600000
14/04/2015 17:07:45;220,100000;0,671000;126,800000;159,500000;73,200000;60,100000;0,853000;7,600000;0,022907;306,200000;0,370000;113,294000;61,000000;19,200000;20,600000
14/04/2015 17:08:00;221,500000;0,694000;131,200000;146,700000;74,000000;60,000000;0,876000;7,600000;0,023454;382,200000;0,320000;122,304000;61,000000;19,200000;20,700000
14/04/2015 17:08:15;219,800000;0,673000;130,000000;152,600000;73,700000;60,000000;0,876000;7,600000;0,023995;382,200000;0,330000;126,126000;61,000000;19,200000;20,700000
14/04/2015 17:08:30;219,800000;0,673000;130,000000;152,600000;73,700000;60,000000;0,850000;7,600000;0,024537;381,100000;0,320000;121,952000;61,000000;19,300000;20,700000
14/04/2015 17:08:45;221,000000;0,691000;133,100000;151,000000;75,600000;60,100000;0,879000;7,600000;0,025092;381,600000;0,320000;122,112000;61,000000;19,300000;20,700000
14/04/2015 17:09:00;221,200000;0,684000;132,900000;151,700000;74,800000;60,100000;0,879000;7,600000;0,025645;382,100000;0,320000;122,272000;59,000000;19,300000;20,800000
14/04/2015 17:09:15;221,200000;0,684000;132,900000;151,700000;74,800000;60,100000;0,873000;7,600000;0,026199;381,600000;0,320000;122,112000;59,000000;19,300000;20,700000
14/04/2015 17:09:30;221,700000;0,681000;130,700000;150,700000;73,300000;60,100000;0,863000;7,600000;0,026744;381,500000;0,320000;122,080000;59,000000;19,300000;20,700000
14/04/2015 17:09:45;221,600000;0,675000;130,000000;150,400000;77,200000;60,100000;0,859000;7,600000;0,027285;381,000000;0,320000;121,920000;57,000000;19,300000;20,700000
14/04/2015 17:10:00;221,600000;0,664000;128,200000;146,300000;77,200000;60,100000;0,859000;7,600000;0,027820;381,000000;0,320000;121,920000;57,000000;19,300000;20,700000
14/04/2015 17:10:15;221,600000;0,677000;128,900000;150,800000;77,200000;60,100000;0,867000;7,600000;0,028357;380,500000;0,310000;117,955000;57,000000;19,300000;20,700000
14/04/2015 17:10:30;220,100000;0,669000;127,600000;149,100000;75,300000;60,100000;0,869000;7,600000;0,028888;380,500000;0,310000;117,955000;57,000000;19,300000;20,700000
14/04/2015 17:10:45;219,900000;0,671000;127,200000;148,200000;73,600000;60,000000;0,861000;7,700000;0,029418;380,500000;0,310000;117,955000;55,000000;19,300000;20,700000
14/04/2015 17:11:00;221,200000;0,669000;126,600000;146,300000;75,100000;60,100000;0,848000;7,700000;0,029946;380,000000;0,310000;117,800000;55,000000;19,300000;20,700000
14/04/2015 17:11:15;221,300000;0,657000;124,100000;144,200000;75,400000;60,100000;0,860000;7,700000;0,030463;379,900000;0,310000;117,769000;55,000000;19,300000;20,700000
14/04/2015 17:11:30;221,600000;0,652000;121,600000;143,700000;76,600000;60,000000;0,844000;7,700000;0,030970;379,400000;0,300000;113,820000;55,000000;19,300000;20,600000
14/04/2015 17:11:45;221,800000;0,651000;122,200000;142,400000;73,200000;60,000000;0,823000;7,700000;0,031479;379,400000;0,300000;113,820000;54,000000;19,300000;20,600000
14/04/2015 17:12:00;221,600000;0,653000;123,700000;145,000000;74,600000;60,100000;0,857000;7,700000;0,031994;377,900000;0,300000;113,370000;54,000000;19,300000;20,500000
14/04/2015 17:12:15;221,700000;0,645000;122,500000;142,700000;77,000000;60,000000;0,852000;7,700000;0,032505;378,900000;0,300000;113,670000;52,000000;19,300000;20,500000
14/04/2015 17:12:30;221,600000;0,639000;118,900000;143,500000;74,200000;60,000000;0,858000;7,700000;0,033000;377,700000;0,300000;113,310000;52,000000;19,300000;20,500000
14/04/2015 17:12:45;222,300000;0,632000;114,700000;141,000000;77,900000;60,000000;0,858000;7,700000;0,033478;378,300000;0,290000;109,707000;52,000000;19,300000;20,400000
14/04/2015 17:13:00;222,300000;0,632000;114,700000;141,000000;77,900000;60,100000;0,843000;7,700000;0,033956;378,300000;0,290000;109,707000;52,000000;19,300000;20,400000
14/04/2015 17:13:15;221,700000;0,639000;119,600000;134,500000;75,900000;60,100000;0,846000;7,700000;0,034454;377,800000;0,290000;109,562000;50,000000;19,300000;20,400000
14/04/2015 17:13:30;221,800000;0,635000;117,800000;137,600000;75,800000;60,100000;0,834000;7,700000;0,034945;377,700000;0,280000;105,756000;50,000000;19,300000;20,400000
14/04/2015 17:13:45;221,000000;0,633000;117,400000;136,300000;74,100000;60,100000;0,834000;7,700000;0,035434;316,100000;0,300000;94,830000;50,000000;19,300000;20,400000
14/04/2015 17:14:00;221,000000;0,642000;119,500000;129,400000;74,100000;60,100000;0,835000;7,700000;0,035932;374,300000;0,280000;104,804000;48,000000;19,200000;20,400000
14/04/2015 17:14:15;221,900000;0,610000;109,600000;129,400000;75,000000;60,100000;0,812000;7,700000;0,036389;374,900000;0,280000;104,972000;48,000000;19,200000;20,400000
14/04/2015 17:14:30;221,700000;0,610000;109,600000;133,400000;75,600000;60,100000;0,830000;7,700000;0,036845;374,400000;0,270000;101,088000;48,000000;19,200000;20,400000
14/04/2015 17:14:45;222,300000;0,597000;109,300000;130,700000;80,500000;60,100000;0,833000;7,700000;0,037301;374,300000;0,270000;101,061000;46,000000;19,200000;20,400000
14/04/2015 17:15:00;221,800000;0,587000;107,600000;131,700000;75,000000;60,100000;0,833000;7,700000;0,037749;373,700000;0,270000;100,899000;46,000000;19,200000;20,500000
14/04/2015 17:15:15;221,800000;0,587000;107,600000;131,700000;75,000000;60,100000;0,806000;7,700000;0,038198;373,200000;0,270000;100,764000;46,000000;19,200000;20,500000
14/04/2015 17:15:30;221,900000;0,594000;104,800000;129,900000;79,800000;60,100000;0,807000;7,700000;0,038634;373,200000;0,260000;97,032000;45,000000;19,200000;20,400000
14/04/2015 17:15:45;222,100000;0,587000;106,500000;130,100000;75,800000;60,100000;0,802000;7,700000;0,039078;372,700000;0,270000;100,629000;45,000000;19,200000;20,500000
14/04/2015 17:16:00;222,100000;0,567000;103,400000;128,500000;73,100000;60,100000;0,802000;7,700000;0,039509;372,700000;0,260000;96,902000;45,000000;19,200000;20,400000
14/04/2015 17:16:15;222,100000;0,567000;103,400000;128,500000;73,100000;60,100000;0,803000;7,700000;0,039940;372,100000;0,260000;96,746000;43,000000;19,200000;20,400000
14/04/2015 17:16:30;222,200000;0,569000;102,400000;127,300000;77,500000;60,100000;0,809000;7,700000;0,040366;372,100000;0,250000;93,025000;43,000000;19,200000;20,400000
14/04/2015 17:16:45;222,100000;0,585000;108,900000;120,600000;74,000000;60,100000;0,800000;7,700000;0,040820;372,100000;0,250000;93,025000;43,000000;19,100000;20,400000
14/04/2015 17:17:00;221,900000;0,567000;102,900000;125,300000;71,200000;60,100000;0,821000;7,700000;0,041249;372,100000;0,250000;93,025000;43,000000;19,100000;20,400000
14/04/2015 17:17:15;221,900000;0,582000;103,700000;129,200000;70,100000;60,100000;0,811000;7,700000;0,041681;372,100000;0,250000;93,025000;43,000000;19,100000;20,400000
14/04/2015 17:17:30;221,900000;0,556000;97,700000;123,400000;71,300000;59,900000;0,794000;7,700000;0,042088;372,100000;0,250000;93,025000;43,000000;19,100000;20,400000
14/04/2015 17:17:45;221,300000;0,542000;97,700000;119,800000;70,700000;59,900000;0,792000;7,700000;0,042495;372,100000;0,250000;93,025000;43,000000;19,100000;20,400000
14/04/2015 17:18:00;222,000000;0,535000;96,300000;118,700000;71,400000;59,900000;0,814000;7,700000;0,042896;372,100000;0,250000;93,025000;43,000000;19,100000;20,400000
14/04/2015 17:18:15;221,600000;0,529000;94,400000;118,100000;71,000000;60,000000;0,809000;7,700000;0,043290;372,100000;0,250000;93,025000;43,000000;19,100000;20,400000
14/04/2015 17:18:30;221,600000;0,529000;93,000000;116,700000;73,200000;59,900000;0,780000;7,700000;0,043677;372,100000;0,250000;93,025000;43,000000;19,100000;20,400000
14/04/2015 17:18:45;222,200000;0,533000;92,400000;116,600000;71,500000;60,000000;0,781000;7,700000;0,044062;372,100000;0,250000;93,025000;43,000000;19,100000;20,400000
14/04/2015 17:19:00;222,200000;0,527000;91,400000;116,100000;72,100000;59,900000;0,778000;7,700000;0,044443;372,100000;0,250000;93,025000;43,000000;19,100000;20,400000
14/04/2015 17:19:15;221,900000;0,500000;88,600000;114,000000;71,200000;59,900000;0,781000;7,700000;0,044812;372,100000;0,250000;93,025000;43,000000;19,100000;20,400000
14/04/2015 17:19:30;221,600000;0,512000;87,100000;113,500000;73,300000;59,900000;0,768000;7,700000;0,045175;372,100000;0,250000;93,025000;43,000000;19,100000;20,400000
14/04/2015 17:19:45;221,900000;0,490000;86,000000;108,900000;71,400000;60,000000;0,839000;7,700000;0,045533;372,100000;0,250000;93,025000;43,000000;19,100000;20,400000
14/04/2015 17:20:00;220,800000;0,519000;89,300000;110,900000;69,400000;60,000000;0,761000;7,700000;0,045905;372,100000;0,250000;93,025000;43,000000;19,100000;20,400000
14/04/2015 17:20:15;221,100000;0,496000;82,900000;109,700000;70,600000;60,000000;0,760000;7,700000;0,046251;372,100000;0,250000;93,025000;43,000000;19,100000;20,400000
14/04/2015 17:20:30;222,400000;0,469000;77,500000;104,100000;71,200000;60,000000;0,756000;7,700000;0,046574;372,100000;0,250000;93,025000;43,000000;19,100000;20,400000
14/04/2015 17:20:45;221,400000;0,480000;79,400000;106,200000;69,700000;60,000000;0,760000;7,700000;0,046905;372,100000;0,250000;93,025000;43,000000;19,100000;20,400000
14/04/2015 17:21:00;221,800000;0,480000;79,500000;106,400000;70,300000;60,000000;0,745000;7,700000;0,047236;372,100000;0,250000;93,025000;43,000000;19,100000;20,400000
14/04/2015 17:21:15;222,200000;0,473000;78,800000;105,100000;70,100000;60,000000;0,760000;7,700000;0,047564;372,100000;0,250000;93,025000;43,000000;19,100000;20,400000
14/04/2015 17:21:30;221,500000;0,489000;81,000000;108,400000;70,500000;60,100000;0,753000;7,700000;0,047902;372,100000;0,250000;93,025000;43,000000;19,100000;20,400000
14/04/2015 17:21:45;221,000000;0,484000;78,900000;106,800000;70,400000;60,000000;0,731000;7,700000;0,048230;372,100000;0,250000;93,025000;43,000000;19,100000;20,400000
14/04/2015 17:22:00;221,400000;0,430000;70,400000;102,500000;70,600000;60,100000;0,734000;7,700000;0,048524;372,100000;0,250000;93,025000;43,000000;19,100000;20,400000
14/04/2015 17:22:15;221,000000;0,296000;0,600000;66,900000;-66,700000;60,000000;-0,062000;7,700000;0,048526;372,100000;0,250000;93,025000;43,000000;19,100000;20,400000
14/04/2015 17:22:30;221,000000;0,296000;0,600000;66,900000;-66,700000;60,000000;-0,062000;7,700000;0,048529;372,100000;0,250000;93,025000;43,000000;19,100000;20,400000
14/04/2015 17:22:45;221,200000;0,180000;3,600000;38,000000;-37,900000;60,000000;-0,062000;7,700000;0,048544;372,100000;0,250000;93,025000;43,000000;19,100000;20,400000
14/04/2015 17:23:00;220,900000;0,177000;4,400000;39,100000;-43,600000;60,000000;-0,161000;7,700000;0,048562;398,900000;0,000000;0,000000;0,000000;0,000000;0,000000
14/04/2015 17:23:15;221,300000;0,200000;6,600000;43,800000;-43,400000;60,000000;-0,161000;7,700000;0,048590;398,600000;0,000000;0,000000;28,000000;18,500000;20,700000
14/04/2015 17:23:30;221,600000;0,176000;4,500000;39,000000;-38,400000;60,100000;-0,095000;7,700000;0,048608;398,400000;0,000000;0,000000;28,000000;18,500000;20,800000
14/04/2015 17:23:45;220,900000;0,198000;6,300000;43,700000;-43,200000;60,000000;-0,171000;7,700000;0,048635;398,400000;0,000000;0,000000;28,000000;18,500000;20,800000
14/04/2015 17:24:00;220,600000;0,394000;43,800000;91,200000;-43,600000;60,100000;-0,176000;7,700000;0,048817;389,100000;0,000000;0,000000;27,000000;18,500000;20,600000
14/04/2015 17:24:15;220,700000;0,394000;43,800000;91,200000;68,100000;60,000000;0,644000;7,700000;0,049000;321,200000;0,170000;54,604000;27,000000;18,500000;20,500000
14/04/2015 17:24:30;221,200000;0,415000;54,200000;89,400000;73,300000;60,100000;0,591000;7,700000;0,049225;314,400000;0,170000;53,448000;0,000000;18,500000;20,500000
14/04/2015 17:24:45;221,300000;0,429000;60,600000;93,100000;75,300000;60,100000;0,591000;7,700000;0,049478;331,700000;0,160000;53,072000;0,000000;18,500000;20,500000
14/04/2015 17:25:00;221,300000;0,429000;60,600000;93,100000;75,300000;60,100000;0,621000;7,700000;0,049730;335,400000;0,160000;53,664000;0,000000;18,500000;20,400000
14/04/2015 17:25:15;222,000000;0,400000;52,800000;88,800000;71,300000;60,100000;0,604000;7,700000;0,049950;342,900000;0,150000;51,435000;0,000000;18,500000;20,400000
14/04/2015 17:25:30;221,000000;0,421000;56,900000;92,900000;69,600000;60,000000;0,598000;7,700000;0,050188;341,800000;0,140000;47,852000;0,000000;18,500000;20,400000
14/04/2015 17:25:45;220,800000;0,379000;51,300000;91,500000;71,300000;60,200000;0,592000;7,700000;0,050401;341,800000;0,140000;47,852000;0,000000;18,400000;20,400000
14/04/2015 17:26:00;221,300000;0,406000;53,100000;89,200000;66,800000;60,200000;0,592000;7,700000;0,050623;341,200000;0,140000;47,768000;0,000000;18,400000;20,400000
14/04/2015 17:26:15;221,300000;0,401000;51,800000;84,700000;66,800000;60,200000;0,592000;7,700000;0,050838;340,800000;0,130000;44,304000;0,000000;18,400000;20,400000
14/04/2015 17:26:30;220,500000;0,401000;51,800000;84,700000;71,700000;60,100000;0,568000;7,700000;0,051054;339,000000;0,130000;44,070000;0,000000;18,400000;20,500000
14/04/2015 17:26:45;220,700000;0,401000;50,400000;86,000000;71,500000;60,100000;0,562000;7,700000;0,051264;340,300000;0,130000;44,239000;0,000000;18,400000;20,500000
14/04/2015 17:27:00;221,200000;0,399000;50,500000;91,200000;70,600000;60,100000;0,547000;7,700000;0,051475;339,800000;0,130000;44,174000;0,000000;18,300000;20,600000
14/04/2015 17:27:15;220,600000;0,389000;48,500000;83,300000;67,000000;60,000000;0,564000;7,700000;0,051677;339,600000;0,120000;40,752000;0,000000;18,300000;20,600000
14/04/2015 17:27:30;220,600000;0,386000;46,900000;85,400000;67,000000;60,000000;0,564000;7,700000;0,051872;339,100000;0,120000;40,692000;0,000000;18,300000;20,600000
14/04/2015 17:27:45;221,700000;0,380000;45,700000;85,400000;72,500000;60,100000;0,547000;7,700000;0,052063;339,100000;0,120000;40,692000;0,000000;18,300000;20,600000
14/04/2015 17:28:00;221,500000;0,380000;45,700000;84,800000;71,600000;60,100000;0,538000;7,700000;0,052253;338,900000;0,110000;37,279000;0,000000;18,300000;20,600000
14/04/2015 17:28:15;221,600000;0,379000;44,500000;86,300000;71,200000;60,100000;0,521000;7,700000;0,052438;338,700000;0,110000;37,257000;0,000000;18,300000;20,500000
14/04/2015 17:28:30;221,400000;0,374000;42,400000;85,400000;72,100000;60,100000;0,521000;7,700000;0,052615;338,500000;0,110000;37,235000;0,000000;18,300000;20,400000
14/04/2015 17:28:45;220,700000;0,376000;42,000000;82,800000;70,500000;60,100000;0,516000;7,700000;0,052790;338,100000;0,100000;33,810000;0,000000;18,300000;20,400000
14/04/2015 17:29:00;220,700000;0,365000;40,300000;82,800000;70,500000;60,100000;0,493000;7,700000;0,052958;338,000000;0,100000;33,800000;0,000000;18,300000;20,400000
14/04/2015 17:29:15;220,700000;0,365000;40,300000;77,800000;70,500000;60,100000;0,505000;7,700000;0,053126;339,200000;0,090000;30,528000;0,000000;18,300000;20,300000
14/04/2015 17:29:30;219,200000;0,370000;39,000000;81,300000;69,500000;60,100000;0,505000;7,700000;0,053288;337,500000;0,090000;30,375000;0,000000;18,200000;20,400000
14/04/2015 17:29:45;219,200000;0,369000;37,600000;81,100000;69,500000;60,100000;0,491000;7,700000;0,053445;337,400000;0,090000;30,366000;0,000000;18,200000;20,400000
14/04/2015 17:30:00;220,200000;0,369000;37,600000;81,100000;69,100000;60,200000;0,445000;7,700000;0,053602;336,900000;0,090000;30,321000;0,000000;18,200000;20,400000
14/04/2015 17:30:15;220,300000;0,360000;36,500000;78,900000;71,800000;60,200000;0,404000;7,700000;0,053754;336,900000;0,080000;26,952000;0,000000;18,200000;20,300000
14/04/2015 17:30:30;221,200000;0,364000;37,200000;79,700000;71,600000;60,200000;0,404000;7,700000;0,053909;336,400000;0,080000;26,912000;0,000000;18,200000;20,200000
14/04/2015 17:30:45;221,200000;0,353000;28,600000;79,700000;71,600000;60,200000;0,330000;7,700000;0,054028;324,500000;0,080000;25,960000;0,000000;18,200000;20,100000
14/04/2015 17:31:00;220,800000;0,353000;28,600000;78,800000;73,600000;60,100000;0,297000;7,700000;0,054147;325,000000;0,080000;26,000000;0,000000;18,100000;20,100000
14/04/2015 17:31:15;220,400000;0,360000;32,400000;78,800000;69,200000;60,100000;0,383000;7,700000;0,054282;329,900000;0,070000;23,093000;0,000000;18,100000;20,000000
14/04/2015 17:31:30;220,400000;0,343000;26,600000;78,800000;69,200000;60,100000;0,383000;7,700000;0,054393;330,400000;0,060000;19,824000;0,000000;18,100000;20,000000
14/04/2015 17:31:45;221,200000;0,343000;26,600000;76,200000;70,000000;60,100000;0,326000;7,700000;0,054504;331,000000;0,060000;19,860000;0,000000;18,100000;20,000000
14/04/2015 17:32:00;220,200000;0,340000;26,900000;75,100000;70,100000;60,100000;0,252000;7,700000;0,054616;332,700000;0,060000;19,962000;0,000000;18,100000;19,900000
14/04/2015 17:32:15;220,400000;0,334000;20,700000;74,900000;69,700000;60,100000;0,371000;7,700000;0,054702;331,200000;0,060000;19,872000;0,000000;18,000000;19,800000
14/04/2015 17:32:30;220,700000;0,328000;24,600000;75,000000;70,500000;60,100000;0,371000;7,700000;0,054805;336,500000;0,050000;16,825000;0,000000;18,000000;19,800000
14/04/2015 17:32:45;220,700000;0,333000;20,400000;75,000000;70,500000;60,100000;0,243000;7,700000;0,054890;337,800000;0,050000;16,890000;0,000000;18,000000;19,800000
14/04/2015 17:33:00;220,400000;0,333000;20,400000;74,300000;71,300000;60,100000;0,285000;7,700000;0,054975;337,300000;0,050000;16,865000;0,000000;18,000000;19,700000
14/04/2015 17:33:15;221,000000;0,326000;18,800000;70,800000;68,500000;60,200000;0,256000;7,700000;0,055053;333,800000;0,000000;0,000000;0,000000;18,000000;19,800000
14/04/2015 17:33:30;221,000000;0,331000;18,100000;75,800000;68,500000;60,200000;0,256000;7,700000;0,055128;336,700000;0,000000;0,000000;0,000000;17,900000;19,700000
14/04/2015 17:33:45;220,400000;0,326000;17,200000;75,800000;71,000000;60,200000;0,243000;7,700000;0,055200;336,200000;0,000000;0,000000;0,000000;17,900000;19,700000
14/04/2015 17:34:00;221,300000;0,326000;17,200000;72,700000;71,100000;60,200000;0,237000;7,700000;0,055272;333,000000;0,000000;0,000000;0,000000;17,900000;19,700000
14/04/2015 17:34:15;220,700000;0,315000;17,800000;70,100000;68,600000;60,200000;0,214000;7,700000;0,055346;335,700000;0,000000;0,000000;0,000000;17,800000;19,700000
14/04/2015 17:34:30;220,700000;0,326000;14,200000;70,100000;68,600000;60,200000;0,214000;7,700000;0,055405;330,800000;0,000000;0,000000;0,000000;17,800000;19,700000
14/04/2015 17:34:45;220,900000;0,326000;14,200000;72,000000;69,700000;60,200000;0,208000;7,700000;0,055464;335,200000;0,000000;0,000000;0,000000;17,800000;19,700000
14/04/2015 17:35:00;220,900000;0,323000;13,300000;72,400000;70,000000;60,200000;0,134000;7,700000;0,055520;334,600000;0,000000;0,000000;0,000000;17,800000;19,700000
14/04/2015 17:35:15;219,700000;0,319000;13,100000;69,900000;68,100000;60,200000;0,134000;7,700000;0,055574;334,500000;0,000000;0,000000;0,000000;17,800000;19,700000
14/04/2015 17:35:30;219,700000;0,319000;13,100000;69,900000;68,100000;60,100000;0,176000;7,700000;0,055629;334,500000;0,000000;0,000000;0,000000;17,700000;19,600000
14/04/2015 17:35:45;220,400000;0,329000;12,200000;72,700000;69,600000;60,200000;0,240000;7,700000;0,055680;337,700000;0,000000;0,000000;0,000000;17,700000;19,600000
14/04/2015 17:36:00;220,400000;0,329000;12,200000;72,700000;69,600000;60,200000;0,240000;7,700000;0,055730;337,700000;0,000000;0,000000;0,000000;17,700000;19,600000
14/04/2015 17:36:15;220,400000;0,329000;12,200000;72,700000;69,600000;60,200000;0,240000;7,700000;0,055781;337,700000;0,000000;0,000000;0,000000;17,700000;19,600000
14/04/2015 17:36:30;220,400000;0,329000;12,200000;72,700000;69,600000;60,200000;0,240000;7,700000;0,055832;337,700000;0,000000;0,000000;0,000000;17,700000;19,600000
14/04/2015 17:36:45;220,400000;0,329000;12,200000;72,700000;69,600000;60,200000;0,240000;7,700000;0,055883;337,700000;0,000000;0,000000;0,000000;17,700000;19,600000
14/04/2015 17:37:00;220,400000;0,329000;12,200000;72,700000;69,600000;60,200000;0,240000;7,700000;0,055934;314,800000;0,000000;0,000000;0,000000;17,700000;19,600000
14/04/2015 17:37:15;220,000000;0,318000;9,200000;69,900000;69,200000;60,200000;0,131000;7,700000;0,055972;315,500000;0,000000;0,000000;0,000000;17,600000;19,600000
14/04/2015 17:37:30;219,800000;0,315000;8,600000;69,300000;71,800000;60,200000;0,171000;7,700000;0,056008;315,700000;0,000000;0,000000;0,000000;17,600000;19,600000
14/04/2015 17:37:45;219,900000;0,316000;7,700000;69,400000;68,800000;60,100000;0,067000;7,700000;0,056040;319,700000;0,000000;0,000000;0,000000;17,600000;19,500000
14/04/2015 17:38:00;220,300000;0,317000;7,200000;69,400000;69,200000;60,100000;0,120000;7,700000;0,056070;319,200000;0,000000;0,000000;0,000000;17,600000;19,400000
14/04/2015 17:38:15;220,300000;0,327000;0,900000;70,300000;69,200000;60,100000;0,120000;7,700000;0,056074;320,200000;0,000000;0,000000;0,000000;17,500000;19,400000
14/04/2015 17:38:30;219,400000;0,316000;6,200000;69,300000;69,000000;60,100000;0,098000;7,700000;0,056100;318,600000;0,000000;0,000000;0,000000;17,500000;19,300000
14/04/2015 17:38:45;219,400000;0,315000;11,400000;69,300000;69,000000;60,100000;0,098000;7,700000;0,056147;322,500000;0,000000;0,000000;0,000000;17,500000;19,300000
14/04/2015 17:39:00;219,000000;0,318000;3,400000;68,800000;68,400000;60,100000;0,083000;7,700000;0,056161;318,100000;0,000000;0,000000;0,000000;17,500000;19,200000
14/04/2015 17:39:15;219,900000;0,322000;4,500000;69,200000;69,000000;60,100000;0,135000;7,700000;0,056180;312,300000;0,000000;0,000000;0,000000;17,500000;19,200000
14/04/2015 17:39:30;219,900000;0,309000;3,400000;68,700000;69,000000;60,100000;0,135000;7,700000;0,056194;317,600000;0,000000;0,000000;0,000000;17,400000;19,200000
14/04/2015 17:39:45;219,400000;0,309000;3,400000;68,700000;72,800000;60,000000;0,038000;7,700000;0,056208;317,600000;0,000000;0,000000;0,000000;17,300000;19,200000
14/04/2015 17:40:00;218,800000;0,311000;2,700000;71,200000;69,400000;60,000000;-0,010000;7,700000;0,056220;317,100000;0,000000;0,000000;0,000000;17,300000;19,200000
14/04/2015 17:40:15;219,500000;0,332000;3,000000;69,100000;68,700000;60,000000;0,058000;7,700000;0,056232;317,000000;0,000000;0,000000;0,000000;17,300000;19,200000
14/04/2015 17:40:30;218,900000;0,314000;4,200000;71,500000;67,200000;60,000000;0,034000;7,700000;0,056250;317,000000;0,000000;0,000000;0,000000;17,300000;19,300000
14/04/2015 17:40:45;219,300000;0,309000;2,100000;68,800000;69,300000;60,000000;0,034000;7,700000;0,056258;316,500000;0,000000;0,000000;0,000000;17,300000;19,300000
14/04/2015 17:41:00;219,300000;0,309000;2,100000;68,800000;69,300000;60,000000;0,018000;7,700000;0,056267;316,500000;0,000000;0,000000;0,000000;17,300000;19,300000
14/04/2015 17:41:15;219,800000;0,322000;3,300000;71,400000;-70,200000;60,100000;0,054000;7,700000;0,056281;312,300000;0,000000;0,000000;0,000000;17,200000;19,300000
14/04/2015 17:41:30;219,800000;0,313000;2,500000;68,700000;-70,200000;60,100000;0,054000;7,700000;0,056291;316,000000;0,000000;0,000000;0,000000;17,200000;19,300000
14/04/2015 17:41:45;219,300000;0,313000;2,500000;68,700000;69,600000;60,100000;0,021000;7,700000;0,056302;316,000000;0,000000;0,000000;0,000000;17,200000;19,300000
14/04/2015 17:42:00;219,600000;0,313000;6,000000;71,400000;-67,800000;60,000000;0,007000;7,700000;0,056327;311,800000;0,000000;0,000000;0,000000;17,200000;19,300000
14/04/2015 17:42:15;219,500000;0,321000;5,100000;67,500000;68,300000;60,000000;0,076000;7,700000;0,056348;314,100000;0,000000;0,000000;0,000000;17,200000;19,300000
14/04/2015 17:42:30;219,600000;0,312000;1,500000;69,700000;68,400000;60,000000;0,029000;7,700000;0,056354;307,300000;0,000000;0,000000;0,000000;17,200000;19,400000
14/04/2015 17:42:45;219,400000;0,311000;3,200000;71,300000;-71,200000;60,000000;0,029000;7,700000;0,056367;220,000000;0,000000;0,000000;0,000000;17,100000;19,400000
14/04/2015 17:43:00;218,900000;0,304000;6,700000;67,500000;-68,000000;60,000000;0,212000;7,700000;0,056395;315,600000;0,000000;0,000000;0,000000;17,100000;19,400000
14/04/2015 17:43:15;218,700000;0,313000;2,900000;68,600000;-71,800000;60,000000;0,054000;7,700000;0,056407;315,100000;0,000000;0,000000;0,000000;17,100000;19,400000
14/04/2015 17:43:30;218,900000;0,312000;2,200000;70,700000;-68,000000;60,000000;0,054000;7,700000;0,056417;221,900000;0,000000;0,000000;0,000000;17,100000;19,400000
14/04/2015 17:43:45;218,700000;0,328000;7,500000;69,900000;69,400000;60,000000;-0,115000;7,700000;0,056448;299,400000;0,000000;0,000000;0,000000;17,100000;19,400000
14/04/2015 17:44:00;218,700000;0,328000;7,500000;69,900000;69,400000;60,000000;-0,023000;7,700000;0,056479;300,200000;0,000000;0,000000;0,000000;17,100000;19,300000
14/04/2015 17:44:15;219,100000;0,329000;4,300000;71,300000;-70,700000;60,000000;-0,065000;7,700000;0,056497;236,100000;0,000000;0,000000;0,000000;17,100000;19,300000
14/04/2015 17:44:30;218,800000;0,328000;4,100000;69,800000;-69,000000;60,000000;-0,065000;7,700000;0,056514;239,900000;0,000000;0,000000;0,000000;17,100000;19,300000
14/04/2015 17:44:45;218,800000;0,325000;3,800000;69,800000;-69,000000;60,000000;-0,119000;7,700000;0,056530;338,400000;0,000000;0,000000;0,000000;17,100000;19,300000
14/04/2015 17:45:00;219,000000;0,325000;3,800000;68,900000;-69,600000;60,000000;-0,060000;7,700000;0,056546;243,600000;0,000000;0,000000;0,000000;17,100000;19,300000
14/04/2015 17:45:15;219,300000;0,336000;4,400000;70,000000;-74,500000;60,000000;-0,081000;7,700000;0,056564;245,900000;0,000000;0,000000;0,000000;17,100000;19,300000
14/04/2015 17:45:30;219,300000;0,333000;4,900000;69,000000;-74,500000;60,000000;-0,081000;7,700000;0,056585;245,600000;0,000000;0,000000;0,000000;17,100000;19,200000
14/04/2015 17:45:45;218,600000;0,333000;4,900000;69,000000;-72,500000;60,000000;-0,068000;7,700000;0,056605;248,200000;0,000000;0,000000;0,000000;17,100000;19,200000
14/04/2015 17:46:00;219,400000;0,314000;4,000000;69,400000;-69,800000;60,000000;-0,041000;7,700000;0,056622;262,900000;0,000000;0,000000;0,000000;17,000000;19,300000
14/04/2015 17:46:15;219,100000;0,324000;5,200000;69,700000;-74,500000;60,000000;-0,041000;7,700000;0,056643;253,900000;0,000000;0,000000;0,000000;17,000000;19,300000
14/04/2015 17:46:30;219,100000;0,314000;4,600000;71,400000;-74,500000;60,000000;-0,062000;7,700000;0,056662;267,600000;0,000000;0,000000;0,000000;17,000000;19,200000
14/04/2015 17:46:45;219,300000;0,314000;4,600000;71,400000;-69,900000;60,000000;-0,072000;7,700000;0,056682;259,100000;0,000000;0,000000;0,000000;17,000000;19,200000
14/04/2015 17:47:00;218,800000;0,319000;5,100000;74,200000;-68,900000;60,000000;-0,080000;7,700000;0,056703;268,300000;0,000000;0,000000;0,000000;17,000000;19,200000
14/04/2015 17:47:15;218,500000;0,321000;5,100000;68,800000;-68,900000;60,000000;-0,080000;7,700000;0,056724;264,700000;0,000000;0,000000;0,000000;17,000000;19,200000
14/04/2015 17:47:30;218,500000;0,318000;5,500000;68,800000;-68,900000;60,000000;-0,060000;7,700000;0,056747;277,900000;0,000000;0,000000;0,000000;17,000000;19,100000
14/04/2015 17:47:45;218,700000;0,318000;5,500000;70,200000;-67,100000;60,000000;-0,070000;7,700000;0,056770;270,400000;0,000000;0,000000;0,000000;16,900000;19,100000
14/04/2015 17:48:00;217,700000;0,317000;7,500000;68,300000;-70,400000;60,000000;-0,079000;7,700000;0,056801;283,400000;0,000000;0,000000;0,000000;17,000000;19,100000
14/04/2015 17:48:15;217,700000;0,316000;6,500000;71,400000;-70,400000;60,000000;-0,079000;7,700000;0,056828;263,400000;0,000000;0,000000;0,000000;17,000000;19,100000
14/04/2015 17:48:30;218,000000;0,316000;6,500000;71,400000;-68,500000;60,000000;-0,089000;7,700000;0,056855;218,900000;0,000000;0,000000;0,000000;17,000000;19,100000
14/04/2015 17:48:45;216,800000;0,331000;6,700000;72,300000;-68,200000;60,000000;-0,095000;7,700000;0,056883;219,200000;0,000000;0,000000;0,000000;17,000000;19,100000
14/04/2015 17:49:00;217,000000;0,317000;6,500000;69,400000;-66,800000;60,000000;-0,155000;7,700000;0,056910;156,100000;0,000000;0,000000;0,000000;17,000000;19,100000
14/04/2015 17:49:15;215,800000;0,285000;8,200000;63,600000;-64,300000;60,000000;-0,155000;7,700000;0,056945;141,900000;0,000000;0,000000;0,000000;17,000000;19,000000
14/04/2015 17:49:30;215,800000;0,285000;8,200000;63,600000;-64,300000;60,000000;-0,137000;7,700000;0,056979;141,800000;0,000000;0,000000;0,000000;17,000000;19,000000
14/04/2015 17:49:45;215,800000;0,287000;8,000000;65,600000;-60,400000;60,000000;-0,138000;7,700000;0,057012;141,500000;0,000000;0,000000;0,000000;17,000000;19,000000
14/04/2015 17:50:00;215,800000;0,290000;8,500000;63,700000;-61,500000;60,000000;-0,138000;7,700000;0,057047;141,400000;0,000000;0,000000;0,000000;17,000000;19,000000
14/04/2015 17:50:15;215,800000;0,316000;9,600000;63,700000;-61,500000;60,000000;-0,141000;7,700000;0,057087;141,300000;0,000000;0,000000;0,000000;17,000000;19,000000
14/04/2015 17:50:30;215,100000;0,316000;9,600000;61,400000;-63,500000;60,000000;-0,163000;7,700000;0,057127;124,600000;0,000000;0,000000;0,000000;17,000000;19,000000
14/04/2015 17:50:45;215,900000;0,293000;8,500000;66,200000;-65,600000;60,000000;-0,134000;7,700000;0,057163;124,400000;0,000000;0,000000;0,000000;16,900000;19,000000
14/04/2015 17:51:00;214,700000;0,283000;8,000000;60,800000;-62,300000;60,000000;-0,161000;7,700000;0,057196;124,400000;0,000000;0,000000;0,000000;16,900000;19,000000
14/04/2015 17:51:15;215,300000;0,289000;8,100000;62,200000;-60,400000;60,000000;-0,161000;7,700000;0,057230;124,300000;0,000000;0,000000;0,000000;16,900000;19,000000
14/04/2015 17:51:30;215,300000;0,289000;8,100000;62,200000;-60,400000;60,000000;-0,138000;7,700000;0,057264;122,800000;0,000000;0,000000;0,000000;16,900000;19,000000
14/04/2015 17:51:45;215,700000;0,283000;9,200000;66,200000;-66,300000;60,000000;-0,135000;7,700000;0,057302;122,700000;0,000000;0,000000;0,000000;16,900000;19,000000
14/04/2015 17:52:00;214,800000;0,296000;8,600000;63,900000;-62,200000;60,000000;-0,135000;7,700000;0,057338;123,100000;0,000000;0,000000;0,000000;16,900000;19,000000
14/04/2015 17:52:15;214,800000;0,296000;8,600000;63,900000;-62,200000;60,000000;-0,143000;7,700000;0,057374;123,400000;0,000000;0,000000;0,000000;16,900000;18,900000
14/04/2015 17:52:30;215,100000;0,296000;8,600000;62,200000;-61,100000;60,000000;-0,134000;7,700000;0,057410;123,800000;0,000000;0,000000;0,000000;16,900000;18,900000
14/04/2015 17:52:45;214,600000;0,286000;9,300000;64,500000;-61,200000;60,000000;-0,142000;7,700000;0,057448;124,100000;0,000000;0,000000;0,000000;16,900000;18,900000
14/04/2015 17:53:00;215,800000;0,287000;8,100000;68,500000;-63,900000;60,000000;-0,142000;7,700000;0,057482;123,600000;0,000000;0,000000;0,000000;16,800000;18,900000
14/04/2015 17:53:15;215,800000;0,287000;8,100000;68,500000;-63,900000;60,000000;-0,144000;7,700000;0,057516;122,300000;0,000000;0,000000;0,000000;16,800000;18,900000
14/04/2015 17:53:30;214,700000;0,297000;8,800000;66,500000;-61,700000;60,000000;-0,145000;7,700000;0,057552;122,100000;0,000000;0,000000;0,000000;16,800000;19,000000
14/04/2015 17:53:45;214,800000;0,285000;8,700000;62,500000;-62,700000;59,900000;-0,134000;7,700000;0,057589;122,200000;0,000000;0,000000;0,000000;16,800000;18,900000
14/04/2015 17:54:00;217,600000;0,299000;8,900000;67,400000;-62,700000;59,900000;-0,134000;7,700000;0,057626;123,000000;0,000000;0,000000;0,000000;16,800000;18,900000
14/04/2015 17:54:15;217,600000;0,299000;8,900000;67,400000;-62,700000;60,000000;-0,132000;7,700000;0,057663;123,100000;0,000000;0,000000;0,000000;16,800000;18,900000
14/04/2015 17:54:30;217,300000;0,289000;8,500000;42,300000;-41,500000;60,000000;-0,138000;7,700000;0,057698;247,800000;0,000000;0,000000;0,000000;16,800000;18,900000
14/04/2015 17:54:45;217,800000;0,192000;4,800000;41,900000;-41,600000;60,000000;-0,138000;7,700000;0,057718;243,200000;0,000000;0,000000;0,000000;16,800000;18,900000
14/04/2015 17:55:00;217,800000;0,193000;5,400000;41,900000;-41,600000;60,000000;-0,137000;7,700000;0,057741;239,200000;0,000000;0,000000;0,000000;16,700000;18,900000
14/04/2015 17:55:15;216,800000;0,193000;5,400000;41,800000;-41,300000;60,000000;-0,132000;7,700000;0,057763;234,400000;0,000000;0,000000;0,000000;16,700000;18,900000
14/04/2015 17:55:30;216,600000;0,192000;5,400000;41,800000;-41,800000;60,000000;-0,169000;7,700000;0,057786;229,500000;0,000000;0,000000;0,000000;16,700000;18,900000
14/04/2015 17:55:45;216,600000;0,198000;7,000000;41,800000;-41,800000;60,000000;-0,169000;7,700000;0,057815;145,900000;0,000000;0,000000;0,000000;16,600000;18,900000
14/04/2015 17:56:00;216,500000;0,198000;7,000000;42,400000;-41,500000;60,100000;-0,186000;7,700000;0,057844;145,900000;0,000000;0,000000;0,000000;16,600000;18,900000
